asset1,0.0
asset2,0.0
asset3,0.28946
asset4,0.0
asset5,0.28095
asset6,0.07064
asset7,0.06948
asset8,0.28946
asset9,0.0
asset10,0.0
