asset1,0.0
asset2,0.26472
asset3,0.18006
asset4,0.00107
asset5,0.33729
asset6,0.0
asset7,0.0239
asset8,0.18006
asset9,0.0077
asset10,0.00521
